INSERT INTO Routes (id, name, distance, payment)
VALUES (1, 'Маршрут 1', 100.5, 2000.00),
       (2, 'Маршрут 2', 150.2, 2500.00),
       (3, 'Маршрут 3', 120.8, 2200.00),
       (4, 'Маршрут 4', 80.3, 1800.00),
       (5, 'Маршрут 5', 200.0, 3000.00),
       (6, 'Маршрут 6', 90.7, 1900.00),
       (7, 'Маршрут 7', 160.9, 2700.00),
       (8, 'Маршрут 8', 130.1, 2300.00),
       (9, 'Маршрут 9', 110.6, 2100.00),
       (10, 'Маршрут 10', 180.4, 2800.00);

INSERT INTO Drivers (id, last_name, first_name, middle_name, experience)
VALUES (1, 'Иванов', 'Алексей', 'Петрович', 5),
       (2, 'Смирнов', 'Иван', 'Александрович', 8),
       (3, 'Кузнецов', 'Андрей', 'Владимирович', 3),
       (4, 'Петров', 'Дмитрий', 'Игоревич', 6),
       (5, 'Соколов', 'Сергей', 'Анатольевич', 10),
       (6, 'Васильев', 'Артем', 'Сергеевич', 2),
       (7, 'Михайлов', 'Владимир', 'Алексеевич', 4),
       (8, 'Новиков', 'Максим', 'Дмитриевич', 7),
       (9, 'Федоров', 'Николай', 'Иванович', 9),
       (10, 'Морозов', 'Александр', 'Павлович', 1);

INSERT INTO Transportations (id, route_id, driver_id, departure_date, arrival_date)
VALUES (1, 1, 3, '2023-05-01', '2023-05-03'),
       (2, 2, 5, '2023-05-02', '2023-05-04'),
       (3, 3, 7, '2023-05-03', '2023-05-05'),
       (4, 4, 2, '2023-05-04', '2023-05-06'),
       (5, 5, 9, '2023-05-05', '2023-05-07'),
       (6, 6, 4, '2023-05-06', '2023-05-08'),
       (7, 7, 1, '2023-05-07', '2023-05-09'),
       (8, 8, 8, '2023-05-08', '2023-05-10'),
       (9, 9, 6, '2023-05-09', '2023-05-11'),
       (10, 10, 10, '2023-05-10', '2023-05-12');

INSERT INTO Bonuses (id, transportation_id, amount)
VALUES (1, 1, 500.00),
       (2, 3, 300.00),
       (3, 5, 400.00),
       (4, 6, 200.00),
       (5, 9, 350.00),
       (6, 10, 250.00),
       (7, 2, 450.00),
       (8, 4, 150.00),
       (9, 7, 550.00),
       (10, 8, 380.00);

INSERT INTO DriverSalaries (id, driver_id, transportation_id, base_salary, bonus_amount)
VALUES (1, 1, 7, 3000.00, 550.00),
       (2, 3, 2, 2500.00, 450.00),
       (3, 4, 6, 2000.00, 200.00),
       (4, 6, 9, 1800.00, 350.00),
       (5, 7, 1, 2200.00, 500.00),
       (6, 8, 10, 2300.00, 250.00),
       (7, 10, 5, 2800.00, 400.00),
       (8, 2, 4, 1900.00, 150.00),
       (9, 5, 3, 3000.00, 300.00),
       (10, 9, 8, 2100.00, 380.00);
